{
	"credit": "Made with Blockbench",
	"texture_size": [32, 32],
	"textures": {
		"1": "custom/blaster_emissives",
		"2": "custom/blaster",
		"particle": "custom/blaster"
	},
	"elements": [
		{
			"from": [6.8954, -3.23423, 13.08101],
			"to": [8.6954, 7.56577, 15.88101],
			"rotation": {"angle": 22.5, "axis": "x", "origin": [7.7954, 2.66577, 12.48101]},
			"faces": {
				"north": {"uv": [7, 7, 8, 12.5], "texture": "#2"},
				"east": {"uv": [4, 7, 5.5, 12.5], "texture": "#2"},
				"south": {"uv": [8, 7, 9, 12.5], "texture": "#2"},
				"west": {"uv": [5.5, 7, 7, 12.5], "texture": "#2"},
				"up": {"uv": [13.5, 10, 12.5, 8.5], "texture": "#2"},
				"down": {"uv": [13.5, 10, 12.5, 11.5], "texture": "#2"}
			}
		},
		{
			"from": [5.9954, 3.82643, 2.25],
			"to": [9.9954, 8.82643, 14.25],
			"rotation": {"angle": 0, "axis": "z", "origin": [7.9954, 3.82643, 4]},
			"faces": {
				"north": {"uv": [9, 5, 11, 7.5], "texture": "#2"},
				"east": {"uv": [0, 0, 6, 2.5], "texture": "#2"},
				"south": {"uv": [9, 7.5, 11, 10], "texture": "#2"},
				"west": {"uv": [0, 2.5, 6, 5], "texture": "#2"},
				"up": {"uv": [2, 11, 0, 5], "texture": "#2"},
				"down": {"uv": [4, 5, 2, 11], "texture": "#2"}
			}
		},
		{
			"from": [7.9954, -0.17357, 5.25],
			"to": [7.9954, 3.82643, 14.25],
			"rotation": {"angle": 0, "axis": "z", "origin": [7.9954, 1.82643, 9.75]},
			"faces": {
				"north": {"uv": [0, 0, 0, 2], "texture": "#2"},
				"east": {"uv": [4, 5, 8.5, 7], "texture": "#2"},
				"south": {"uv": [0, 0, 0, 2], "texture": "#2"},
				"west": {"uv": [6, 0, 10.5, 2], "texture": "#2"},
				"up": {"uv": [0, 4.5, 0, 0], "texture": "#2"},
				"down": {"uv": [0, 0, 0, 4.5], "texture": "#2"}
			}
		},
		{
			"from": [7.9954, 8.82643, 5.25],
			"to": [7.9954, 11.82643, 14.25],
			"rotation": {"angle": 0, "axis": "z", "origin": [7.9954, 3.82643, 4]},
			"faces": {
				"north": {"uv": [0, 0, 0, 1.5], "texture": "#2"},
				"east": {"uv": [6, 2, 10.5, 3.5], "texture": "#2"},
				"south": {"uv": [0, 0, 0, 1.5], "texture": "#2"},
				"west": {"uv": [6, 3.5, 10.5, 5], "texture": "#2"},
				"up": {"uv": [0, 4.5, 0, 0], "texture": "#2"},
				"down": {"uv": [0, 0, 0, 4.5], "texture": "#2"}
			}
		},
		{
			"from": [6.4954, 5.02643, 0.25],
			"to": [9.4954, 8.02643, 3.25],
			"rotation": {"angle": 0, "axis": "z", "origin": [7.9954, 3.82643, 4]},
			"faces": {
				"north": {"uv": [12, 4, 13.5, 5.5], "texture": "#2"},
				"east": {"uv": [12, 5.5, 13.5, 7], "texture": "#2"},
				"south": {"uv": [12, 7, 13.5, 8.5], "texture": "#2"},
				"west": {"uv": [9, 12, 10.5, 13.5], "texture": "#2"},
				"up": {"uv": [5.5, 14, 4, 12.5], "texture": "#2"},
				"down": {"uv": [7, 12.5, 5.5, 14], "texture": "#2"}
			}
		},
		{
			"from": [7.4954, 2.02643, -1.75],
			"to": [8.4954, 7.02643, 0.25],
			"rotation": {"angle": -22.5, "axis": "x", "origin": [7.9954, 6.52643, 1.75]},
			"faces": {
				"north": {"uv": [13.5, 5.5, 14, 8], "texture": "#2"},
				"east": {"uv": [11.5, 9, 12.5, 11.5], "texture": "#2"},
				"south": {"uv": [13.5, 8, 14, 10.5], "texture": "#2"},
				"west": {"uv": [11.5, 11.5, 12.5, 14], "texture": "#2"},
				"up": {"uv": [11, 5, 10.5, 4], "texture": "#2"},
				"down": {"uv": [11.5, 9, 11, 10], "texture": "#2"}
			}
		},
		{
			"from": [6.9954, 5.52643, -3.75],
			"to": [8.9954, 7.52643, 3.25],
			"rotation": {"angle": 0, "axis": "z", "origin": [7.9954, 3.82643, 4]},
			"faces": {
				"north": {"uv": [12.5, 13.5, 13.5, 14.5], "texture": "#2"},
				"east": {"uv": [10.5, 2, 14, 3], "texture": "#2"},
				"south": {"uv": [13.5, 13.5, 14.5, 14.5], "texture": "#2"},
				"west": {"uv": [10.5, 3, 14, 4], "texture": "#2"},
				"up": {"uv": [3, 14.5, 2, 11], "texture": "#2"},
				"down": {"uv": [4, 11, 3, 14.5], "texture": "#2"}
			}
		},
		{
			"from": [6.7954, 4.62643, 14.05],
			"to": [9.1954, 9.02643, 19.45],
			"rotation": {"angle": 0, "axis": "z", "origin": [7.9954, 6.32643, 21.25]},
			"faces": {
				"north": {"uv": [7, 12.5, 8, 14.5], "texture": "#2"},
				"east": {"uv": [9, 10, 11.5, 12], "texture": "#2"},
				"south": {"uv": [8, 12.5, 9, 14.5], "texture": "#2"},
				"west": {"uv": [10.5, 0, 13, 2], "texture": "#2"},
				"up": {"uv": [12, 6.5, 11, 4], "texture": "#2"},
				"down": {"uv": [12, 6.5, 11, 9], "texture": "#2"}
			}
		},
		{
			"from": [6.9954, 1.82643, 2.75],
			"to": [8.9954, 3.82643, 5.75],
			"rotation": {"angle": 0, "axis": "z", "origin": [7.9954, 2.82643, 6.25]},
			"faces": {
				"north": {"uv": [9, 13.5, 10, 14.5], "texture": "#2"},
				"east": {"uv": [12.5, 11.5, 14, 12.5], "texture": "#2"},
				"south": {"uv": [13.5, 10.5, 14.5, 11.5], "texture": "#2"},
				"west": {"uv": [12.5, 12.5, 14, 13.5], "texture": "#2"},
				"up": {"uv": [14, 1.5, 13, 0], "texture": "#2"},
				"down": {"uv": [14.5, 4, 13.5, 5.5], "texture": "#2"}
			}
		},
		{
			"from": [7.4954, -4.17357, 3.15],
			"to": [8.4954, 3.82643, 5.15],
			"rotation": {"angle": 0, "axis": "z", "origin": [7.9954, 3.82643, 4]},
			"faces": {
				"north": {"uv": [10.5, 12, 11, 16], "texture": "#2"},
				"east": {"uv": [0, 11, 1, 15], "texture": "#2"},
				"south": {"uv": [11, 12, 11.5, 16], "texture": "#2"},
				"west": {"uv": [1, 11, 2, 15], "texture": "#2"},
				"up": {"uv": [9, 6, 8.5, 5], "texture": "#2"},
				"down": {"uv": [9, 6, 8.5, 7], "texture": "#2"}
			}
		},
		{
			"from": [5.9954, 3.82643, 2.25],
			"to": [9.9954, 8.82643, 14.25],
			"rotation": {"angle": 0, "axis": "z", "origin": [7.9954, 3.82643, 4]},
			"faces": {
				"north": {"uv": [9, 5, 11, 7.5], "texture": "#1"},
				"east": {"uv": [0, 0, 6, 2.5], "texture": "#1"},
				"south": {"uv": [9, 7.5, 11, 10], "texture": "#1"},
				"west": {"uv": [0, 2.5, 6, 5], "texture": "#1"},
				"up": {"uv": [2, 11, 0, 5], "texture": "#1"},
				"down": {"uv": [4, 5, 2, 11], "texture": "#1"}
			}
		},
		{
			"from": [6.8954, -3.23423, 13.08101],
			"to": [8.6954, 7.56577, 15.88101],
			"rotation": {"angle": 22.5, "axis": "x", "origin": [7.7954, 2.66577, 12.48101]},
			"faces": {
				"north": {"uv": [7, 7, 8, 12.5], "texture": "#1"},
				"east": {"uv": [4, 7, 5.5, 12.5], "texture": "#1"},
				"south": {"uv": [8, 7, 9, 12.5], "texture": "#1"},
				"west": {"uv": [5.5, 7, 7, 12.5], "texture": "#1"},
				"up": {"uv": [13.5, 10, 12.5, 8.5], "texture": "#1"},
				"down": {"uv": [13.5, 10, 12.5, 11.5], "texture": "#1"}
			}
		},
		{
			"from": [6.9954, 1.82643, 2.75],
			"to": [8.9954, 3.82643, 5.75],
			"rotation": {"angle": 0, "axis": "z", "origin": [7.9954, 2.82643, 6.25]},
			"faces": {
				"north": {"uv": [9, 13.5, 10, 14.5], "texture": "#1"},
				"east": {"uv": [12.5, 11.5, 14, 12.5], "texture": "#1"},
				"south": {"uv": [13.5, 10.5, 14.5, 11.5], "texture": "#1"},
				"west": {"uv": [12.5, 12.5, 14, 13.5], "texture": "#1"},
				"up": {"uv": [14, 1.5, 13, 0], "texture": "#1"},
				"down": {"uv": [14.5, 4, 13.5, 5.5], "texture": "#1"}
			}
		},
		{
			"from": [7.4954, -4.17357, 3.15],
			"to": [8.4954, 3.82643, 5.15],
			"rotation": {"angle": 0, "axis": "z", "origin": [7.9954, 3.82643, 4]},
			"faces": {
				"north": {"uv": [10.5, 12, 11, 16], "texture": "#1"},
				"east": {"uv": [0, 11, 1, 15], "texture": "#1"},
				"south": {"uv": [11, 12, 11.5, 16], "texture": "#1"},
				"west": {"uv": [1, 11, 2, 15], "texture": "#1"},
				"up": {"uv": [9, 6, 8.5, 5], "texture": "#1"},
				"down": {"uv": [9, 6, 8.5, 7], "texture": "#1"}
			}
		},
		{
			"from": [6.7954, 4.62643, 14.05],
			"to": [9.1954, 9.02643, 19.45],
			"rotation": {"angle": 0, "axis": "z", "origin": [7.9954, 6.32643, 21.25]},
			"faces": {
				"north": {"uv": [7, 12.5, 8, 14.5], "texture": "#1"},
				"east": {"uv": [9, 10, 11.5, 12], "texture": "#1"},
				"south": {"uv": [8, 12.5, 9, 14.5], "texture": "#1"},
				"west": {"uv": [10.5, 0, 13, 2], "texture": "#1"},
				"up": {"uv": [12, 6.5, 11, 4], "texture": "#1"},
				"down": {"uv": [12, 6.5, 11, 9], "texture": "#1"}
			}
		},
		{
			"from": [6.4954, 5.02643, 0.25],
			"to": [9.4954, 8.02643, 3.25],
			"rotation": {"angle": 0, "axis": "z", "origin": [7.9954, 3.82643, 4]},
			"faces": {
				"north": {"uv": [12, 4, 13.5, 5.5], "texture": "#1"},
				"east": {"uv": [12, 5.5, 13.5, 7], "texture": "#1"},
				"south": {"uv": [12, 7, 13.5, 8.5], "texture": "#1"},
				"west": {"uv": [9, 12, 10.5, 13.5], "texture": "#1"},
				"up": {"uv": [5.5, 14, 4, 12.5], "texture": "#1"},
				"down": {"uv": [7, 12.5, 5.5, 14], "texture": "#1"}
			}
		},
		{
			"from": [7.9954, 8.82643, 5.25],
			"to": [7.9954, 11.82643, 14.25],
			"rotation": {"angle": 0, "axis": "z", "origin": [7.9954, 3.82643, 4]},
			"faces": {
				"north": {"uv": [0, 0, 0, 1.5], "texture": "#1"},
				"east": {"uv": [6, 2, 10.5, 3.5], "texture": "#1"},
				"south": {"uv": [0, 0, 0, 1.5], "texture": "#1"},
				"west": {"uv": [6, 3.5, 10.5, 5], "texture": "#1"},
				"up": {"uv": [0, 4.5, 0, 0], "texture": "#1"},
				"down": {"uv": [0, 0, 0, 4.5], "texture": "#1"}
			}
		},
		{
			"from": [7.9954, -0.17357, 5.25],
			"to": [7.9954, 3.82643, 14.25],
			"rotation": {"angle": 0, "axis": "z", "origin": [7.9954, 1.82643, 9.75]},
			"faces": {
				"north": {"uv": [0, 0, 0, 2], "texture": "#1"},
				"east": {"uv": [4, 5, 8.5, 7], "texture": "#1"},
				"south": {"uv": [0, 0, 0, 2], "texture": "#1"},
				"west": {"uv": [6, 0, 10.5, 2], "texture": "#1"},
				"up": {"uv": [0, 4.5, 0, 0], "texture": "#1"},
				"down": {"uv": [0, 0, 0, 4.5], "texture": "#1"}
			}
		},
		{
			"from": [6.9954, 5.52643, -3.75],
			"to": [8.9954, 7.52643, 3.25],
			"rotation": {"angle": 0, "axis": "z", "origin": [7.9954, 3.82643, 4]},
			"faces": {
				"north": {"uv": [12.5, 13.5, 13.5, 14.5], "texture": "#1"},
				"east": {"uv": [10.5, 2, 14, 3], "texture": "#1"},
				"south": {"uv": [13.5, 13.5, 14.5, 14.5], "texture": "#1"},
				"west": {"uv": [10.5, 3, 14, 4], "texture": "#1"},
				"up": {"uv": [3, 14.5, 2, 11], "texture": "#1"},
				"down": {"uv": [4, 11, 3, 14.5], "texture": "#1"}
			}
		},
		{
			"from": [7.4954, 2.02643, -1.75],
			"to": [8.4954, 7.02643, 0.25],
			"rotation": {"angle": -22.5, "axis": "x", "origin": [7.9954, 6.52643, 1.75]},
			"faces": {
				"north": {"uv": [13.5, 5.5, 14, 8], "texture": "#1"},
				"east": {"uv": [11.5, 9, 12.5, 11.5], "texture": "#1"},
				"south": {"uv": [13.5, 8, 14, 10.5], "texture": "#1"},
				"west": {"uv": [11.5, 11.5, 12.5, 14], "texture": "#1"},
				"up": {"uv": [11, 5, 10.5, 4], "texture": "#1"},
				"down": {"uv": [11.5, 9, 11, 10], "texture": "#1"}
			}
		}
	],
	"gui_light": "front",
	"display": {
		"thirdperson_righthand": {
			"translation": [0, 3.75, -4.75]
		},
		"thirdperson_lefthand": {
			"translation": [0, 3.75, -4.75]
		},
		"firstperson_righthand": {
			"rotation": [28.36, 16.1, -8.56],
			"translation": [0.75, 4.25, 0],
			"scale": [0.60547, 0.60547, 0.60547]
		},
		"firstperson_lefthand": {
			"rotation": [27.33, 8.57, -14.28],
			"translation": [0.75, 4.25, 0],
			"scale": [0.60547, 0.60547, 0.60547]
		},
		"ground": {
			"rotation": [-1.79, -1.15, 65],
			"translation": [-1.25, 4.5, 0],
			"scale": [0.71875, 0.71875, 0.71875]
		},
		"gui": {
			"rotation": [122.44, -80.3, 131.05],
			"translation": [0, 2.25, 0],
			"scale": [0.74023, 0.74023, 0.74023]
		}
	},
	"groups": [
		0,
		1,
		2,
		3,
		4,
		5,
		6,
		7,
		8,
		9,
		{
			"name": "group",
			"origin": [7.9954, 6.52643, 1.75],
			"color": 0,
			"nbt": "{}",
			"armAnimationEnabled": false,
			"children": [10, 11, 12, 13, 14, 15, 16, 17, 18, 19]
		}
	]
}