{
	"credit": "Made with Blockbench",
	"ambientocclusion": false,
	"texture_size": [32, 32],
	"textures": {
		"2": "custom/lightsaber_handle",
		"5": "custom/lightsaber_light",
		"particle": "custom/lightsaber_light"
	},
	"elements": [
		{
			"from": [6.5, -4, 6.5],
			"to": [9.5, 4, 9.5],
			"faces": {
				"north": {"uv": [0, 0, 3, 8], "texture": "#2"},
				"east": {"uv": [3, 0, 6, 8], "texture": "#2"},
				"south": {"uv": [6, 0, 9, 8], "texture": "#2"},
				"west": {"uv": [0, 8, 3, 16], "texture": "#2"},
				"up": {"uv": [6, 11, 3, 8], "texture": "#2"},
				"down": {"uv": [9, 8, 6, 11], "texture": "#2"}
			}
		},
		{
			"from": [6.3, 2.8, 6.3],
			"to": [9.7, 4.2, 9.7],
			"faces": {
				"north": {"uv": [3, 11, 6, 12], "texture": "#2"},
				"east": {"uv": [6, 11, 9, 12], "texture": "#2"},
				"south": {"uv": [12, 0, 15, 1], "texture": "#2"},
				"west": {"uv": [12, 1, 15, 2], "texture": "#2"},
				"up": {"uv": [12, 3, 9, 0], "texture": "#2"},
				"down": {"uv": [12, 3, 9, 6], "texture": "#2"}
			}
		},
		{
			"from": [6.3, -5.2, 6.3],
			"to": [9.7, -3.8, 9.7],
			"faces": {
				"north": {"uv": [12, 2, 15, 3], "texture": "#2"},
				"east": {"uv": [3, 12, 6, 13], "texture": "#2"},
				"south": {"uv": [12, 3, 15, 4], "texture": "#2"},
				"west": {"uv": [12, 4, 15, 5], "texture": "#2"},
				"up": {"uv": [12, 9, 9, 6], "texture": "#2"},
				"down": {"uv": [12, 9, 9, 12], "texture": "#2"}
			}
		},
		{
			"name": "cube_outline",
			"from": [9.8, 31.55, 9.8],
			"to": [6.2, 4.15, 6.2],
			"faces": {
				"north": {"uv": [4, 0, 5, 13], "texture": "#5"},
				"east": {"uv": [5, 0, 6, 13], "texture": "#5"},
				"south": {"uv": [6, 0, 7, 13], "texture": "#5"},
				"west": {"uv": [7, 0, 8, 13], "texture": "#5"},
				"up": {"uv": [9, 1, 8, 0], "texture": "#5"},
				"down": {"uv": [9, 1, 8, 2], "texture": "#5"}
			}
		},
		{
			"name": "cube_outline",
			"from": [9.4, 30.65, 9.4],
			"to": [6.6, 4.05, 6.6],
			"faces": {
				"north": {"uv": [9.5, 0, 10.5, 13], "texture": "#5"},
				"east": {"uv": [10.5, 0, 11.5, 13], "texture": "#5"},
				"south": {"uv": [11.5, 0, 12.5, 13], "texture": "#5"},
				"west": {"uv": [12.5, 0, 13.5, 13], "texture": "#5"},
				"up": {"uv": [14.5, 1, 13.5, 0], "texture": "#5"},
				"down": {"uv": [14.5, 1, 13.5, 2], "texture": "#5"}
			}
		},
		{
			"from": [7.05, 3.8, 7.05],
			"to": [8.95, 30.5, 8.95],
			"faces": {
				"north": {"uv": [0, 0, 1, 13.5], "texture": "#5"},
				"east": {"uv": [1, 0, 2, 13.5], "texture": "#5"},
				"south": {"uv": [2, 0, 3, 13.5], "texture": "#5"},
				"west": {"uv": [3, 0, 4, 13.5], "texture": "#5"},
				"up": {"uv": [9, 3, 8, 2], "texture": "#5"},
				"down": {"uv": [9, 3, 8, 4], "texture": "#5"}
			}
		}
	],
	"gui_light": "front",
	"display": {
		"thirdperson_righthand": {
			"translation": [-0.75, 5.5, 2.25]
		},
		"thirdperson_lefthand": {
			"translation": [-0.75, 5.5, 2.25]
		},
		"firstperson_righthand": {
			"rotation": [-6, -90, 0],
			"translation": [1.13, 4.2, 1.13],
			"scale": [0.36555, 0.36555, 0.36555]
		},
		"firstperson_lefthand": {
			"rotation": [-6, -90, 0],
			"translation": [1.13, 4.2, 1.13],
			"scale": [0.36555, 0.36555, 0.36555]
		},
		"ground": {
			"rotation": [39.93, -22.7, -57.8],
			"translation": [-4, 2, -2.5],
			"scale": [0.62891, 0.62891, 0.62891]
		},
		"gui": {
			"rotation": [0, 0, -40],
			"translation": [-2, -2.25, 0],
			"scale": [0.69531, 0.69531, 0.69531]
		}
	},
	"groups": [
		0,
		1,
		2,
		{
			"name": "group",
			"origin": [0, 0, 0],
			"color": 0,
			"nbt": "{}",
			"armAnimationEnabled": false,
			"children": [3, 4, 5]
		}
	]
}